,precision,recall,f1-score,support
0.0,0.9987401922864405,0.9998451156101339,0.9992923485183547,90390.0
1.0,0.9072847682119205,0.545816733067729,0.681592039800995,251.0
accuracy,0.9985878355269691,0.9985878355269691,0.9985878355269691,0.9985878355269691
macro avg,0.9530124802491805,0.7728309243389315,0.8404421941596749,90641.0
weighted avg,0.9984869370107627,0.9985878355269691,0.998412583539062,90641.0
