Feature,Importance
DV_pressure,0.7054198
Oil_temperature,0.19332926
TP3,0.025028357
Unnamed: 0,0.01612308
Reservoirs,0.012428717
efficiency_index,0.010977431
Motor_volatility,0.007482242
thermal_efficiency,0.005651883
TP2,0.005310671
H1,0.004447523
